<odoo>
    <data noupdate="1">
        <record model="account.exogenus.formats.columns" id="line_art2_1">
            <field name="name">Tipo de documento</field>
            <field name="group_bool">False</field>
            <field name="type_column">data</field>
            <field name="exogenus_format_id" ref="art_0002"/>
            <field name="condition_python">iif line['l10n_co_document_code'] == "national_citizen_id" or line['l10n_co_document_code'] == '13':
    result = '13'
else:
    result = line['l10n_co_document_code']</field>
        </record>
        <record model="account.exogenus.formats.columns" id="line_art2_2">
            <field name="name">Número identificación</field>
            <field name="group_bool">False</field>
            <field name="type_column">data</field>
            <field name="exogenus_format_id" ref="art_0002"/>
            <field name="condition_python">result = line['vat']</field>
        </record>
        <record model="account.exogenus.formats.columns" id="line_art2_3">
            <field name="name">Razón social informado</field>
            <field name="group_bool">False</field>
            <field name="type_column">data</field>
            <field name="exogenus_format_id" ref="art_0002"/>
            <field name="condition_python">if not line.get('first_name',False):
    result = line.get("name","")</field>
        </record>
        <record model="account.exogenus.formats.columns" id="line_art2_4">
            <field name="name">Dirección</field>
            <field name="group_bool">False</field>
            <field name="type_column">data</field>
            <field name="exogenus_format_id" ref="art_0002"/>
            <field name="condition_python">result = line['street']</field>
        </record>
        <record model="account.exogenus.formats.columns" id="line_art2_5">
            <field name="name">Teléfono</field>
            <field name="group_bool">False</field>
            <field name="type_column">data</field>
            <field name="exogenus_format_id" ref="art_0002"/>
            <field name="condition_python">if object['l10n_co_divipola'] == "11001":
    result = object['phone']</field>
        </record>
        <record model="account.exogenus.formats.columns" id="line_art2_6">
            <field name="name">Email</field>
            <field name="group_bool">False</field>
            <field name="type_column">data</field>
            <field name="exogenus_format_id" ref="art_0002"/>
            <field name="condition_python">if object['l10n_co_divipola'] == "11001":
    result = object['email']</field>
        </record>
        <record model="account.exogenus.formats.columns" id="line_art2_7">
            <field name="name">Municipio</field>
            <field name="group_bool">False</field>
            <field name="type_column">data</field>
            <field name="exogenus_format_id" ref="art_0002"/>
            <field name="condition_python">if object['l10n_co_divipola'] == "11001":
    result = object['l10n_co_divipola']</field>
        </record>
        <record model="account.exogenus.formats.columns" id="line_art2_8">
            <field name="name">Dpto</field>
            <field name="group_bool">False</field>
            <field name="type_column">data</field>
            <field name="exogenus_format_id" ref="art_0002"/>
            <field name="condition_python">if object['l10n_co_divipola'] == "11001":
    result = object['state_code']</field>
        </record>
        <record model="account.exogenus.formats.columns" id="line_art2_9">
            <field name="name">Concepto pago o abono cuenta</field>
            <field name="group_bool">False</field>
            <field name="type_column">data</field>
            <field name="exogenus_format_id" ref="art_0002"/>
            <field name="condition_python">if object['l10n_co_divipola'] == "11001":
    concept = object['concept_exogenus_id']
    concept_obj = self.env['account.concept.exogenus'].search([('id','=',concept)])
    result = concept_obj.code</field>
        </record>
        <record model="account.exogenus.formats.columns" id="line_art2_10">
            <field name="name">Valor compra anual sin iva</field>
            <field name="group_bool">False</field>
            <field name="type_column">calculated</field>
            <field name="exogenus_format_id" ref="art_0002"/>
            <field name="condition_python">if object['l10n_co_divipola'] == "11001":
    data = {
        'concept_exogenus_id': object['concept_exogenus_id'],
        'partner_id': object['partner_id'],
        'journal_ids': wiz.journals_ids.ids,
        'date_from':wiz.date_from,
        'date_to':wiz.date_to
    }
    result = self.calculate_total(data)</field>
        </record>
        <record model="account.exogenus.formats.columns" id="line_art2_11">
            <field name="name">Valor devoluciones</field>
            <field name="group_bool">False</field>
            <field name="type_column">calculated</field>
            <field name="exogenus_format_id" ref="art_0002"/>
            <field name="condition_python">if object['l10n_co_divipola'] == "11001":
    data = {
        'partner_id': object['partner_id'],
        'journal_ids': wiz.journals_ids.ids,
        'date_from':wiz.date_from,
        'date_to':wiz.date_to
    }
    result = self.calculate_total(data)</field>
        </record>
    </data>
</odoo>