<odoo>
    <data noupdate="1">
        <record model="account.exogenus.formats.columns" id="line_1012_1">
            <field name="name">Número de identificación</field>
            <field name="group_bool">False</field>
            <field name="type_column">data</field>
            <field name="exogenus_format_id" ref="format_1012"/>
            <field name="condition_python">result = line['vat']</field>
        </record>
        <record model="account.exogenus.formats.columns" id="line_1012_2">
            <field name="name">Primer apellido del informado</field>
            <field name="group_bool">False</field>
            <field name="type_column">data</field>
            <field name="exogenus_format_id" ref="format_1012"/>
            <field name="condition_python">if line.get('first_surname',False):
    result = line.get('first_surname',False)
else:
    result = ''</field>
        </record>
        <record model="account.exogenus.formats.columns" id="line_1012_3">
            <field name="name">Segundo apellido del informado</field>
            <field name="group_bool">False</field>
            <field name="type_column">data</field>
            <field name="exogenus_format_id" ref="format_1012"/>
            <field name="condition_python">if line.get('second_surname',False):
    result = line.get('second_surname')
else:
    result = ''</field>
        </record>
        <record model="account.exogenus.formats.columns" id="line_1012_4">
            <field name="name">Primer nombre del informado</field>
            <field name="group_bool">False</field>
            <field name="type_column">data</field>
            <field name="exogenus_format_id" ref="format_1012"/>
            <field name="condition_python">if line.get('first_name',False):
    result = line.get('first_name',False)
else:
    result = ''</field>
        </record>
        <record model="account.exogenus.formats.columns" id="line_1012_5">
            <field name="name">Otros nombres del informado</field>
            <field name="group_bool">False</field>
            <field name="type_column">data</field>
            <field name="exogenus_format_id" ref="format_1012"/>
            <field name="condition_python">if line.get('second_name',False):
    result = line.get('second_name')
else:
    result = ''</field>
        </record>
        <record model="account.exogenus.formats.columns" id="line_1012_6">
            <field name="name">Razón social informado</field>
            <field name="group_bool">False</field>
            <field name="type_column">data</field>
            <field name="exogenus_format_id" ref="format_1012"/>
            <field name="condition_python">if not line.get('first_name',False):
    result = line.get("name","")</field>
        </record>
        <record model="account.exogenus.formats.columns" id="line_1012_7">
            <field name="name">Pais de residencia o domicilio</field>
            <field name="group_bool">False</field>
            <field name="exogenus_format_id" ref="format_1012"/>
            <field name="type_column">data</field>
            <field name="condition_python">result = line['country_code']</field>
        </record>
        <record model="account.exogenus.formats.columns" id="line_1012_8">
            <field name="name">Valor al 31-12</field>
            <field name="group_bool">False</field>
            <field name="type_column">calculated</field>
            <field name="exogenus_format_id" ref="format_1012"/>
            <field name="condition_python">params = {
    'partner_id': line['partner_id'],
    'deductible': True,
    'date_from':wizard.date_from,
    'date_to':wizard.date_to
}
result = self._get_total_aml_by_column(params)</field>
        </record>
        <record model="account.exogenus.formats.columns" id="line_1012_9">
            <field name="name">Tipo documento</field>
            <field name="group_bool">False</field>
            <field name="type_column">data</field>
            <field name="exogenus_format_id" ref="format_1012"/>
            <field name="condition_python">if line['l10n_co_document_code'] == "national_citizen_id" or line['l10n_co_document_code'] == '13':
    result = '13'
else:
    result = line['l10n_co_document_code']</field>
        </record>
        <record model="account.exogenus.formats.columns" id="line_1012_10">
            <field name="name">Concepto</field>
            <field name="group_bool">True</field>
            <field name="type_column">data</field>
            <field name="exogenus_format_id" ref="format_1012"/>
            <field name="condition_python">concept = line['exogenus_concept_id']
concept_obj = self.env['account.exogenus.formats.concepts'].search([('id','=',concept)])
result = concept_obj.code</field>
        </record>
    </data>
</odoo>