<odoo>
    <data noupdate="1">
        <record model="account.exogenus.formats.columns" id="line_2275_1">
            <field name="name">Concepto</field>
            <field name="group_bool">True</field>
            <field name="exogenus_format_id" ref="format_2275"/>
            <field name="condition_python">concept = object['concept_exogenus_id']
concept_obj = self.env['account.concept.exogenus'].search([('id','=',concept)])
result = concept_obj.code</field>
        </record>
        <record model="account.exogenus.formats.columns" id="line_2275_2">
            <field name="name">Tipo de documento del tercero</field>
            <field name="group_bool">False</field>
            <field name="exogenus_format_id" ref="format_2275"/>
            <field name="condition_python">result = object["document_type"]</field>
        </record>
        <record model="account.exogenus.formats.columns" id="line_2275_3">
            <field name="name">Número identificación del tercero</field>
            <field name="group_bool">False</field>
            <field name="exogenus_format_id" ref="format_2275"/>
            <field name="condition_python">result = object['number_identification']</field>
        </record>
        <record model="account.exogenus.formats.columns" id="line_2275_4">
            <field name="name">Primer apellido del informado</field>
            <field name="group_bool">False</field>
            <field name="exogenus_format_id" ref="format_2275"/>
            <field name="condition_python">if object['first_surname']:
    result = object['first_surname']
else:
    result = ''</field>
        </record>
        <record model="account.exogenus.formats.columns" id="line_2275_5">
            <field name="name">Segundo apellido del informado</field>
            <field name="group_bool">False</field>
            <field name="exogenus_format_id" ref="format_2275"/>
            <field name="condition_python">if object['second_surname']:
    result = object['second_surname']
else:
    result = ''</field>
        </record>
        <record model="account.exogenus.formats.columns" id="line_2275_6">
            <field name="name">Primer nombre del informado</field>
            <field name="group_bool">False</field>
            <field name="exogenus_format_id" ref="format_2275"/>
            <field name="condition_python">if object['first_name']:
    result = object['first_name']
else:
    result = ''</field>
        </record>
        <record model="account.exogenus.formats.columns" id="line_2275_7">
            <field name="name">Otros nombres del informado</field>
            <field name="group_bool">False</field>
            <field name="exogenus_format_id" ref="format_2275"/>
            <field name="condition_python">if object['second_name']:
    result = object['second_name']
else:
    result = ''</field>
        </record>
        <record model="account.exogenus.formats.columns" id="line_2275_8">
            <field name="name">Razón social</field>
            <field name="group_bool">False</field>
            <field name="exogenus_format_id" ref="format_2275"/>
            <field name="condition_python">if not object['first_name']:
    result = object["name"]</field>
        </record>
        <record model="account.exogenus.formats.columns" id="line_2275_9">
            <field name="name">Dirección</field>
            <field name="group_bool">False</field>
            <field name="exogenus_format_id" ref="format_2275"/>
            <field name="condition_python">result = object['street']</field>
        </record>
        <record model="account.exogenus.formats.columns" id="line_2275_10">
            <field name="name">Código dpto.</field>
            <field name="group_bool">False</field>
            <field name="exogenus_format_id" ref="format_2275"/>
            <field name="condition_python">result = object['state_code']</field>
        </record>
        <record model="account.exogenus.formats.columns" id="line_2275_11">
            <field name="name">Código mcp</field>
            <field name="group_bool">False</field>
            <field name="exogenus_format_id" ref="format_2275"/>
            <field name="condition_python">result = object['l10n_co_divipola'][2:]</field>
        </record>
        <record model="account.exogenus.formats.columns" id="line_2275_12">
            <field name="name">Código País</field>
            <field name="group_bool">False</field>
            <field name="exogenus_format_id" ref="format_2275"/>
            <field name="condition_python">result = object['country_code']</field>
        </record>
        <record model="account.exogenus.formats.columns" id="line_2275_13">
            <field name="name">Correo electrónico</field>
            <field name="group_bool">False</field>
            <field name="exogenus_format_id" ref="format_2275"/>
            <field name="condition_python">result = object['email']</field>
        </record>
        <record model="account.exogenus.formats.columns" id="line_2275_14">
            <field name="name">Valor del ingreso no constitutivo de renta ni ganancia ocasional solicitado</field>
            <field name="group_bool">False</field>
            <field name="exogenus_format_id" ref="format_2275"/>
            <field name="condition_python">data = {
    'concept_exogenus_id': object['concept_exogenus_id'],
    'partner_id': object['partner_id'],
    'journal_ids': wiz.journals_ids.ids,
    'date_from':wiz.date_from,
    'date_to':wiz.date_to
}
result = self.calculate_total(data)</field>
        </record>
    </data>
</odoo>