<odoo>
    <data noupdate="1">
    <!-- FORMAT 1001 -->
        <record model="account.exogenus.formats.columns.sequence" id="column_1001_1">
            <field name="account_format_column_id" ref="line_1001_1"/>
            <field name="exogenus_format_id" ref="format_1001"/>
            <field name="sequence">0</field>
        </record>
        <record model="account.exogenus.formats.columns.sequence" id="column_1001_2">
            <field name="account_format_column_id" ref="line_1001_15"/>
            <field name="exogenus_format_id" ref="format_1001"/>
            <field name="sequence">1</field>
        </record>
        <record model="account.exogenus.formats.columns.sequence" id="column_1001_3">
            <field name="account_format_column_id" ref="line_1001_16"/>
            <field name="exogenus_format_id" ref="format_1001"/>
            <field name="sequence">2</field>
        </record>
        <record model="account.exogenus.formats.columns.sequence" id="column_1001_4">
            <field name="account_format_column_id" ref="line_1001_17"/>
            <field name="exogenus_format_id" ref="format_1001"/>
            <field name="sequence">3</field>
        </record>
        <record model="account.exogenus.formats.columns.sequence" id="column_1001_5">
            <field name="account_format_column_id" ref="line_1001_18"/>
            <field name="exogenus_format_id" ref="format_1001"/>
            <field name="sequence">4</field>
        </record>
        <record model="account.exogenus.formats.columns.sequence" id="column_1001_6">
            <field name="account_format_column_id" ref="line_1001_20"/>
            <field name="exogenus_format_id" ref="format_1001"/>
            <field name="sequence">5</field>
        </record>
        <record model="account.exogenus.formats.columns.sequence" id="column_1001_7">
            <field name="account_format_column_id" ref="line_1001_19"/>
            <field name="exogenus_format_id" ref="format_1001"/>
            <field name="sequence">6</field>
        </record>
        <record model="account.exogenus.formats.columns.sequence" id="column_1001_8">
            <field name="account_format_column_id" ref="line_1001_14"/>
            <field name="exogenus_format_id" ref="format_1001"/>
            <field name="sequence">7</field>
        </record>
        <record model="account.exogenus.formats.columns.sequence" id="column_1001_9">
            <field name="account_format_column_id" ref="line_1001_13"/>
            <field name="exogenus_format_id" ref="format_1001"/>
            <field name="sequence">8</field>
        </record>
        <record model="account.exogenus.formats.columns.sequence" id="column_1001_10">
            <field name="account_format_column_id" ref="line_1001_2"/>
            <field name="exogenus_format_id" ref="format_1001"/>
            <field name="sequence">9</field>
        </record>
        <record model="account.exogenus.formats.columns.sequence" id="column_1001_11">
            <field name="account_format_column_id" ref="line_1001_3"/>
            <field name="exogenus_format_id" ref="format_1001"/>
            <field name="sequence">10</field>
        </record>
        <record model="account.exogenus.formats.columns.sequence" id="column_1001_12">
            <field name="account_format_column_id" ref="line_1001_4"/>
            <field name="exogenus_format_id" ref="format_1001"/>
            <field name="sequence">11</field>
        </record>
        <record model="account.exogenus.formats.columns.sequence" id="column_1001_13">
            <field name="account_format_column_id" ref="line_1001_5"/>
            <field name="exogenus_format_id" ref="format_1001"/>
            <field name="sequence">12</field>
        </record>
        <record model="account.exogenus.formats.columns.sequence" id="column_1001_14">
            <field name="account_format_column_id" ref="line_1001_6"/>
            <field name="exogenus_format_id" ref="format_1001"/>
            <field name="sequence">13</field>
        </record>
        <record model="account.exogenus.formats.columns.sequence" id="column_1001_15">
            <field name="account_format_column_id" ref="line_1001_7"/>
            <field name="exogenus_format_id" ref="format_1001"/>
            <field name="sequence">14</field>
        </record>
        <record model="account.exogenus.formats.columns.sequence" id="column_1001_16">
            <field name="account_format_column_id" ref="line_1001_8"/>
            <field name="exogenus_format_id" ref="format_1001"/>
            <field name="sequence">15</field>
        </record>
        <record model="account.exogenus.formats.columns.sequence" id="column_1001_17">
            <field name="account_format_column_id" ref="line_1001_9"/>
            <field name="exogenus_format_id" ref="format_1001"/>
            <field name="sequence">16</field>
        </record>
        <record model="account.exogenus.formats.columns.sequence" id="column_1001_18">
            <field name="account_format_column_id" ref="line_1001_10"/>
            <field name="exogenus_format_id" ref="format_1001"/>
            <field name="sequence">17</field>
        </record>
        <record model="account.exogenus.formats.columns.sequence" id="column_1001_19">
            <field name="account_format_column_id" ref="line_1001_11"/>
            <field name="exogenus_format_id" ref="format_1001"/>
            <field name="sequence">18</field>
        </record>
        <record model="account.exogenus.formats.columns.sequence" id="column_1001_20">
            <field name="account_format_column_id" ref="line_1001_12"/>
            <field name="exogenus_format_id" ref="format_1001"/>
            <field name="sequence">19</field>
        </record>
    </data>
</odoo>