<odoo>
    <data noupdate="1">
        <record model="account.exogenus.formats.columns" id="line_1009_1">
            <field name="name">Concepto</field>
            <field name="group_bool">True</field>
            <field name="exogenus_format_id" ref="format_1009"/>
            <field name="type_column">data</field>
            <field name="condition_python">concept = line['exogenus_concept_id']
concept_obj = self.env['account.exogenus.formats.concepts'].search([('id','=',concept)])
result = concept_obj.code</field>
        </record>
        <record model="account.exogenus.formats.columns" id="line_1009_2">
            <field name="name">Tipo documento</field>
            <field name="group_bool">False</field>
            <field name="exogenus_format_id" ref="format_1009"/>
            <field name="condition_python">if line['l10n_co_document_code'] == "national_citizen_id" or line['l10n_co_document_code'] == '13':
    result = '13'
else:
    result = line['l10n_co_document_code']</field>
        </record>
        <record model="account.exogenus.formats.columns" id="line_1009_3">
            <field name="name">Número identificación deudor</field>
            <field name="group_bool">False</field>
            <field name="exogenus_format_id" ref="format_1009"/>
            <field name="type_column">data</field>
            <field name="condition_python">result = line['vat']</field>
        </record>
        <record model="account.exogenus.formats.columns" id="line_1009_4">
            <field name="name">DV</field>
            <field name="group_bool">False</field>
            <field name="exogenus_format_id" ref="format_1009"/>
            <field name="type_column">data</field>
            <field name="condition_python">partner_id = line['partner_id']
partner_obj = self.env['res.partner'].search([('id','=',partner_id)]) 
if partner_obj: 
    result = partner_obj._get_vat_verification_code()</field>
        </record>
        <record model="account.exogenus.formats.columns" id="line_1009_5">
            <field name="name">Primer apellido deudor</field>
            <field name="group_bool">False</field>
            <field name="exogenus_format_id" ref="format_1009"/>
            <field name="type_column">data</field>
            <field name="condition_python">if line.get('first_surname',False):
    result = line.get('first_surname',False)
else:
    result = ''</field>
        </record>
        <record model="account.exogenus.formats.columns" id="line_1009_6">
            <field name="name">Segundo apellido deudor</field>
            <field name="group_bool">False</field>
            <field name="exogenus_format_id" ref="format_1009"/>
            <field name="type_column">data</field>
            <field name="condition_python">if line.get('second_surname',False):
    result = line.get('second_surname')
else:
    result = ''</field>
        </record>
        <record model="account.exogenus.formats.columns" id="line_1009_7">
            <field name="name">Primer nombre deudor</field>
            <field name="group_bool">False</field>
            <field name="exogenus_format_id" ref="format_1009"/>
            <field name="type_column">data</field>
            <field name="condition_python">if line.get('first_name',False):
    result = line.get('first_name',False)
else:
    result = ''</field>
        </record>
        <record model="account.exogenus.formats.columns" id="line_1009_8">
            <field name="name">Otros nombres deudor</field>
            <field name="group_bool">False</field>
            <field name="exogenus_format_id" ref="format_1009"/>
            <field name="type_column">data</field>
            <field name="condition_python">if line.get('second_name',False):
    result = line.get('second_name')
else:
    result = ''</field>
        </record>
        <record model="account.exogenus.formats.columns" id="line_1009_9">
            <field name="name">Razón social deudor</field>
            <field name="group_bool">False</field>
            <field name="exogenus_format_id" ref="format_1009"/>
            <field name="type_column">data</field>
            <field name="condition_python">if not line.get('first_name',False):
    result = line.get("name","")</field>
        </record>
        <record model="account.exogenus.formats.columns" id="line_1009_10">
            <field name="name">Dirección</field>
            <field name="group_bool">False</field>
            <field name="exogenus_format_id" ref="format_1009"/>
            <field name="type_column">data</field>
            <field name="condition_python">result = line['street']</field>
        </record>
        <record model="account.exogenus.formats.columns" id="line_1009_11">
            <field name="name">Código dpto.</field>
            <field name="group_bool">False</field>
            <field name="exogenus_format_id" ref="format_1009"/>
            <field name="type_column">data</field>
            <field name="condition_python">result = line['state_code']</field>
        </record>
        <record model="account.exogenus.formats.columns" id="line_1009_12">
            <field name="name">Código mcp</field>
            <field name="group_bool">False</field>
            <field name="exogenus_format_id" ref="format_1009"/>
            <field name="condition_python">result = line['zipcode']</field>
        </record>
        <record model="account.exogenus.formats.columns" id="line_1009_13">
            <field name="name">País de residencia o domicilio</field>
            <field name="group_bool">False</field>
            <field name="exogenus_format_id" ref="format_1009"/>
            <field name="type_column">data</field>
            <field name="condition_python">result = line['country_code']</field>
        </record>
        <record model="account.exogenus.formats.columns" id="line_1009_14">
            <field name="name">Saldo cuentas por cobrar al 31-12</field>
            <field name="group_bool">False</field>
            <field name="exogenus_format_id" ref="format_1009"/>
            <field name="type_column">calculated</field>
            <field name="condition_python">params = {
    'partner_id': line['partner_id'],
    'deductible': True,
    'date_from':wizard.date_from,
    'date_to':wizard.date_to
}
result = self._get_total_aml_by_column(params)</field>
        </record>
    </data>
</odoo>