<odoo>
    <data noupdate="1">
        <record model="account.exogenus.formats.columns" id="line_art3_1">
            <field name="name">Año</field>
            <field name="group_bool">False</field>
            <field name="type_column">data</field>
            <field name="exogenus_format_id" ref="art_0003"/>
            <field name="condition_python">result = wiz.date_to.year</field>
        </record>
        <record model="account.exogenus.formats.columns" id="line_art3_2">
            <field name="name">Tipo de documento</field>
            <field name="group_bool">False</field>
            <field name="type_column">data</field>
            <field name="exogenus_format_id" ref="art_0003"/>
            <field name="condition_python">result = object['document_type']</field>
        </record>
        <record model="account.exogenus.formats.columns" id="line_art3_3">
            <field name="name">Número identificación</field>
            <field name="group_bool">False</field>
            <field name="exogenus_format_id" ref="art_0003"/>
            <field name="type_column">data</field>
            <field name="condition_python">result = object['number_identification']</field>
        </record>
        <record model="account.exogenus.formats.columns" id="line_art3_4">
            <field name="name">Razón social informado</field>
            <field name="group_bool">False</field>
            <field name="type_column">data</field>
            <field name="exogenus_format_id" ref="art_0003"/>
            <field name="condition_python">result = object['name']</field>
        </record>
        <record model="account.exogenus.formats.columns" id="line_art3_5">
            <field name="name">Dirección</field>
            <field name="group_bool">False</field>
            <field name="type_column">data</field>
            <field name="exogenus_format_id" ref="art_0003"/>
            <field name="condition_python">result = object['street']</field>
        </record>
        <record model="account.exogenus.formats.columns" id="line_art3_6">
            <field name="name">Teléfono</field>
            <field name="group_bool">False</field>
            <field name="type_column">data</field>
            <field name="exogenus_format_id" ref="art_0003"/>
            <field name="condition_python">result = object['phone']</field>
        </record>
        <record model="account.exogenus.formats.columns" id="line_art3_7">
            <field name="name">Email</field>
            <field name="group_bool">False</field>
            <field name="type_column">data</field>
            <field name="exogenus_format_id" ref="art_0003"/>
            <field name="condition_python">result = object['email']</field>
        </record>
        <record model="account.exogenus.formats.columns" id="line_art3_8">
            <field name="name">Municipio</field>
            <field name="group_bool">False</field>
            <field name="exogenus_format_id" ref="art_0003"/>
            <field name="condition_python">result = object['l10n_co_divipola']</field>
        </record>
        <record model="account.exogenus.formats.columns" id="line_art3_9">
            <field name="name">Dpto</field>
            <field name="group_bool">False</field>
            <field name="type_column">data</field>
            <field name="exogenus_format_id" ref="art_0003"/>
            <field name="condition_python">result = object['state_code']</field>
        </record>
        <record model="account.exogenus.formats.columns" id="line_art3_10">
            <field name="name">Valor devoluciones</field>
            <field name="group_bool">False</field>
            <field name="type_column">calculated</field>
            <field name="exogenus_format_id" ref="art_0003"/>
            <field name="condition_python">data = {
    'partner_id': object['partner_id'],
    'journal_ids': wiz.journals_ids.ids,
    'date_from':wiz.date_from,
    'date_to':wiz.date_to
}
result = self.calculate_total(data)</field>
        </record>
        <record model="account.exogenus.formats.columns" id="line_art3_11">
            <field name="name">Valor total del ingreso bruto</field>
            <field name="group_bool">False</field>
            <field name="exogenus_format_id" ref="art_0003"/>
            <field name="type_column">calculated</field>
            <field name="condition_python">data = {
    'partner_id': object['partner_id'],
    'journal_ids': wiz.journals_ids.ids,
    'date_from':wiz.date_from,
    'date_to':wiz.date_to
}
result = self.calculate_total(data)</field>
        </record>
    </data>
</odoo>