<odoo>
    <data noupdate="1">
        <!-- FORMAT 1001 -->
        <record model="account.exogenus.formats.columns" id="line_1001_1">
            <field name="name">Concepto</field>
            <field name="group_bool">True</field>
            <field name="type_column">data</field>
            <field name="exogenus_format_id" ref="format_1001"/>
            <field name="condition_python">concept = line['exogenus_concept_id']
concept_obj = self.env['account.exogenus.formats.concepts'].search([('id','=',concept)])
if concept_obj:
    result = concept_obj.code
else:
    result = line['exogenus_concept_id']        </field>
        </record>
        <record model="account.exogenus.formats.columns" id="line_1001_2">
            <field name="name">Código dpto</field>
            <field name="group_bool">False</field>
            <field name="type_column">data</field>
            <field name="exogenus_format_id" ref="format_1001"/>
            <field name="condition_python">result = line['state_code']</field>
        </record>
        <record model="account.exogenus.formats.columns" id="line_1001_3">
            <field name="name">Código mcp</field>
            <field name="group_bool">False</field>
            <field name="type_column">data</field>
            <field name="exogenus_format_id" ref="format_1001"/>
            <field name="condition_python">result = line['zipcode']</field>
        </record>
        <record model="account.exogenus.formats.columns" id="line_1001_4">
            <field name="name">País</field>
            <field name="group_bool">False</field>
            <field name="type_column">data</field>
            <field name="exogenus_format_id" ref="format_1001"/>
            <field name="condition_python">result = line['country_code']</field>
        </record>
        <record model="account.exogenus.formats.columns" id="line_1001_5">
            <field name="name">Pago o abono en cuenta deducible</field>
            <field name="group_bool">False</field>
            <field name="minior_amount">True</field>
            <field name="type_column">calculated</field>
            <field name="exogenus_format_id" ref="format_1001"/>
            <field name="condition_python">params = {
    'partner_id': line['partner_id'],
    'deductible': True,
    'date_from':wizard.date_from,
    'date_to':wizard.date_to
}
result = self._get_total_aml_by_column(params)</field>
        </record>
        <record model="account.exogenus.formats.columns" id="line_1001_6">
            <field name="name">Pago o abono en cuenta no deducible</field>
            <field name="group_bool">False</field>
            <field name="type_column">calculated</field>
            <field name="minior_amount">True</field>
            <field name="exogenus_format_id" ref="format_1001"/>
            <field name="condition_python">params = {
    'partner_id': line['partner_id'],
    'date_from':wizard.date_from,
    'date_to':wizard.date_to
}
result = self._get_total_aml_by_column(params)</field>
        </record>
        <record model="account.exogenus.formats.columns" id="line_1001_7">
            <field name="name">Iva mayor valor del costo o gasto deducible</field>
            <field name="group_bool">False</field>
            <field name="type_column">calculated</field>
            <field name="exogenus_format_id" ref="format_1001"/>
            <field name="condition_python">params = {
    'partner_id': line['partner_id'],
    'date_from':wizard.date_from,
    'date_to':wizard.date_to
}
result = self._get_total_aml_by_column(params)</field>
        </record>
        <record model="account.exogenus.formats.columns" id="line_1001_8">
            <field name="name">Iva mayor valor del costo o gasto no deducible</field>
            <field name="group_bool">False</field>
            <field name="type_column">calculated</field>
            <field name="exogenus_format_id" ref="format_1001"/>
            <field name="condition_python">params = {
    'partner_id': line['partner_id'],
    'date_from':wizard.date_from,
    'date_to':wizard.date_to
}
result = self._get_total_aml_by_column(params)</field>
        </record>
        <record model="account.exogenus.formats.columns" id="line_1001_9">
            <field name="name">Retención en la fuente practicada en renta</field>
            <field name="group_bool">False</field>
            <field name="type_column">calculated</field>
            <field name="exogenus_format_id" ref="format_1001"/>
            <field name="condition_python">params = {
    'partner_id': line['partner_id'],
    'date_from':wizard.date_from,
    'date_to':wizard.date_to
}
result = self._get_total_aml_by_column(params)</field>
        </record>
        <record model="account.exogenus.formats.columns" id="line_1001_10">
            <field name="name">Retención en la fuente asumida en renta</field>
            <field name="group_bool">False</field>
            <field name="type_column">calculated</field>
            <field name="exogenus_format_id" ref="format_1001"/>
            <field name="condition_python">params = {
    'partner_id': line['partner_id'],
    'date_from':wizard.date_from,
    'date_to':wizard.date_to
}
result = self._get_total_aml_by_column(params)</field>
        </record>
        <record model="account.exogenus.formats.columns" id="line_1001_11">
            <field name="name">Retención en la fuente practicada IVA régimen común</field>
            <field name="group_bool">False</field>
            <field name="type_column">calculated</field>
            <field name="exogenus_format_id" ref="format_1001"/>
            <field name="condition_python">params = {
    'partner_id': line['partner_id'],
    'date_from':wizard.date_from,
    'date_to':wizard.date_to
}
result = self._get_total_aml_by_column(params)</field>
        </record>
        <record model="account.exogenus.formats.columns" id="line_1001_12">
            <field name="name">Retención en la fuente practicada IVA no domiciliados</field>
            <field name="group_bool">False</field>
            <field name="type_column">calculated</field>
            <field name="exogenus_format_id" ref="format_1001"/>
            <field name="condition_python">params = {
    'partner_id': line['partner_id'],
    'date_from':wizard.date_from,
    'date_to':wizard.date_to
}
result = self._get_total_aml_by_column(params)</field>
        </record>
        <record model="account.exogenus.formats.columns" id="line_1001_13">
            <field name="name">Dirección</field>
            <field name="group_bool">False</field>
            <field name="type_column">data</field>
            <field name="exogenus_format_id" ref="format_1001"/>
            <field name="condition_python">result = line['street']</field>
        </record>
        <record model="account.exogenus.formats.columns" id="line_1001_14">
            <field name="name">Razón social informado</field>
            <field name="group_bool">False</field>
            <field name="type_column">data</field>
            <field name="exogenus_format_id" ref="format_1001"/>
            <field name="condition_python">if not line.get('first_name',False):
    result = line.get("name","")</field>
        </record>
        <record model="account.exogenus.formats.columns" id="line_1001_15">
            <field name="name">Tipo de documento</field>
            <field name="group_bool">False</field>
            <field name="type_column">data</field>
            <field name="exogenus_format_id" ref="format_1001"/>
            <field name="condition_python">if line['l10n_co_document_code'] == "national_citizen_id" or line['l10n_co_document_code'] == '13':
    result = '13'
else:
    result = line['l10n_co_document_code']</field>
        </record>
        <record model="account.exogenus.formats.columns" id="line_1001_16">
            <field name="name">Número identificación del informado</field>
            <field name="group_bool">False</field>
            <field name="type_column">data</field>
            <field name="exogenus_format_id" ref="format_1001"/>
            <field name="condition_python">result = line['vat']</field>
        </record>
        <record model="account.exogenus.formats.columns" id="line_1001_17">
            <field name="name">Primer apellido del informado</field>
            <field name="group_bool">False</field>
            <field name="type_column">data</field>
            <field name="exogenus_format_id" ref="format_1001"/>
            <field name="condition_python">if line.get('first_surname',False):
    result = line.get('first_surname',False)
else:
    result = ''</field>
        </record>
        <record model="account.exogenus.formats.columns" id="line_1001_18">
            <field name="name">Segundo apellido del informado</field>
            <field name="group_bool">False</field>
            <field name="type_column">data</field>
            <field name="exogenus_format_id" ref="format_1001"/>
            <field name="condition_python">if line.get('second_surname',False):
    result = line.get('second_surname')
else:
    result = ''</field>
        </record>
        <record model="account.exogenus.formats.columns" id="line_1001_19">
            <field name="name">Otros nombres del informado</field>
            <field name="group_bool">False</field>
            <field name="type_column">data</field>
            <field name="exogenus_format_id" ref="format_1001"/>
            <field name="condition_python">if line.get('second_name',False):
    result = line.get('second_name')
else:
    result = ''</field>
        </record>
        <record model="account.exogenus.formats.columns" id="line_1001_20">
            <field name="name">Primer nombre del informado</field>
            <field name="group_bool">False</field>
            <field name="type_column">data</field>
            <field name="exogenus_format_id" ref="format_1001"/>
            <field name="condition_python">if line.get('first_name',False):
    result = line.get('first_name',False)
else:
    result = ''</field>
        </record>
    </data>
</odoo>