<odoo>
    <data noupdate="1">
        <record model="account.exogenus.formats.columns.sequence" id="column_art6_1">
            <field name="account_format_column_id" ref="line_art6_1"/>
            <field name="exogenus_format_id" ref="art_0006"/>
            <field name="sequence">0</field>
        </record>
        <record model="account.exogenus.formats.columns.sequence" id="column_art6_2">
            <field name="account_format_column_id" ref="line_art6_2"/>
            <field name="exogenus_format_id" ref="art_0006"/>
            <field name="sequence">1</field>
        </record>
        <record model="account.exogenus.formats.columns.sequence" id="column_art6_3">
            <field name="account_format_column_id" ref="line_art6_3"/>
            <field name="exogenus_format_id" ref="art_0006"/>
            <field name="sequence">2</field>
        </record>
        <record model="account.exogenus.formats.columns.sequence" id="column_art6_4">
            <field name="account_format_column_id" ref="line_art6_4"/>
            <field name="exogenus_format_id" ref="art_0006"/>
            <field name="sequence">3</field>
        </record>
        <record model="account.exogenus.formats.columns.sequence" id="column_art6_5">
            <field name="account_format_column_id" ref="line_art6_5"/>
            <field name="exogenus_format_id" ref="art_0006"/>
            <field name="sequence">4</field>
        </record>
        <record model="account.exogenus.formats.columns.sequence" id="column_art6_6">
            <field name="account_format_column_id" ref="line_art6_6"/>
            <field name="exogenus_format_id" ref="art_0006"/>
            <field name="sequence">5</field>
        </record>
        <record model="account.exogenus.formats.columns.sequence" id="column_art6_7">
            <field name="account_format_column_id" ref="line_art6_7"/>
            <field name="exogenus_format_id" ref="art_0006"/>
            <field name="sequence">6</field>
        </record>
        <record model="account.exogenus.formats.columns.sequence" id="column_art6_8">
            <field name="account_format_column_id" ref="line_art6_8"/>
            <field name="exogenus_format_id" ref="art_0006"/>
            <field name="sequence">7</field>
        </record>
        <record model="account.exogenus.formats.columns.sequence" id="column_art6_9">
            <field name="account_format_column_id" ref="line_art6_9"/>
            <field name="exogenus_format_id" ref="art_0006"/>
            <field name="sequence">8</field>
        </record>
        <record model="account.exogenus.formats.columns.sequence" id="column_art6_10">
            <field name="account_format_column_id" ref="line_art6_10"/>
            <field name="exogenus_format_id" ref="art_0006"/>
            <field name="sequence">9</field>
        </record>
        <record model="account.exogenus.formats.columns.sequence" id="column_art6_11">
            <field name="account_format_column_id" ref="line_art6_11"/>
            <field name="exogenus_format_id" ref="art_0006"/>
            <field name="sequence">10</field>
        </record>
        <record model="account.exogenus.formats.columns.sequence" id="column_art6_12">
            <field name="account_format_column_id" ref="line_art6_12"/>
            <field name="exogenus_format_id" ref="art_0006"/>
            <field name="sequence">11</field>
        </record>
    </data>
</odoo>