<odoo>
    <data noupdate="1">
        <record model="account.exogenus.formats.columns" id="line_art1_1">
            <field name="name">AÑO</field>
            <field name="group_bool">False</field>
            <field name="type_column">data</field>
            <field name="exogenus_format_id" ref="art_0001"/>
            <field name="condition_python">result = wizard.date_to.year</field>
        </record>
        <record model="account.exogenus.formats.columns" id="line_art1_2">
            <field name="name">CONCEPTO DE INGRESOS POR ACTIVIDADES NO SUJETAS, DEDUCCIONES O EXENCIONES</field>
            <field name="group_bool">True</field>
            <field name="exogenus_format_id" ref="art_0001"/>
            <field name="type_column">data</field>
            <field name="condition_python">concept = object['concept_exogenus_id']
concept_obj = self.env['account.concept.exogenus'].search([('id','=',concept)])
result = concept_obj.code</field>
        </record>
        <record model="account.exogenus.formats.columns" id="line_art1_3">
            <field name="name">VALOR DE LAS ACTIVIDADES NO SUJETAS, DEDUCCIONES Y EXENCIONES</field>
            <field name="group_bool">False</field>
            <field name="exogenus_format_id" ref="art_0001"/>
            <field name="condition_python">params = {
    'partner_id': line['partner_id'],
    'deductible': True,
    'date_from':wizard.date_from,
    'date_to':wizard.date_to
}
result = self._get_total_aml_by_column(params)</field>
        </record>
    </data>
</odoo>