<odoo>
    <data noupdate="1">
        <record model="account.exogenus.formats.concepts" id="concept_5002">
            <field name="name">Honorarios</field>
            <field name="code">5002</field>
            <field name="exogenus_format_id" ref="format_1001"/>
        </record>
        <record model="account.exogenus.formats.concepts" id="concept_5003">
            <field name="name">Comisiones</field>
            <field name="code">5003</field>
            <field name="exogenus_format_id" ref="format_1001"/>
        </record>
        <record model="account.exogenus.formats.concepts" id="concept_5004">
            <field name="name">Servicios</field>
            <field name="code">5004</field>
            <field name="exogenus_format_id" ref="format_1001"/>
        </record>
        <record model="account.exogenus.formats.concepts" id="concept_5005">
            <field name="name">Arrendamientos</field>
            <field name="code">5005</field>
            <field name="exogenus_format_id" ref="format_1001"/>
        </record>
        <record model="account.exogenus.formats.concepts" id="concept_5006">
            <field name="name">Intereses y Rendimientos financieros</field>
            <field name="code">5006</field>
            <field name="exogenus_format_id" ref="format_1001"/>
        </record>
        <record model="account.exogenus.formats.concepts" id="concept_5007">
            <field name="name">Compra de Activos Movibles</field>
            <field name="code">5007</field>
            <field name="exogenus_format_id" ref="format_1001"/>
        </record>
        <record model="account.exogenus.formats.concepts" id="concept_5008">
            <field name="name">Compra de Activos Fijos</field>
            <field name="code">5008</field>
            <field name="exogenus_format_id" ref="format_1001"/>
        </record>
        <record model="account.exogenus.formats.concepts" id="concept_5010">
            <field name="name">Pagos o Abonos en cuenta por concepto de aportes parafiscales al SENA, a las Cajas de Compensación Familiar y al Instituto Colombiano de Bienestar Familia</field>
            <field name="code">5010</field>
            <field name="exogenus_format_id" ref="format_1001"/>
        </record>
        <record model="account.exogenus.formats.concepts" id="concept_5011">
            <field name="name">Pagos o abonos en cuenta efectuado a las empresas promotoras de salud EPS y los aportes al Sistema de Riesgos Laborales, incluidos los aportes del trabajador</field>
            <field name="code">5011</field>
            <field name="exogenus_format_id" ref="format_1001"/>
        </record>
        <record model="account.exogenus.formats.concepts" id="concept_5012">
            <field name="name">Pagos o abonos en cuenta por concepto de aportes obligatorios para pensiones efectuados a los Fondos de Pensiones, incluidos los aportes del trabajador</field>
            <field name="code">5012</field>
            <field name="exogenus_format_id" ref="format_1001"/>
        </record>
        <record model="account.exogenus.formats.concepts" id="concept_5013">
            <field name="name">Donaciones Efectuadas</field>
            <field name="code">5013</field>
            <field name="exogenus_format_id" ref="format_1001"/>
        </record>
        <record model="account.exogenus.formats.concepts" id="concept_5015">
            <field name="name">Impuestos</field>
            <field name="code">5015</field>
            <field name="exogenus_format_id" ref="format_1001"/>
        </record>
        <record model="account.exogenus.formats.concepts" id="concept_5016">
            <field name="name">Demás costos y deducciones</field>
            <field name="code">5016</field>
            <field name="exogenus_format_id" ref="format_1001"/>
        </record>
        <record model="account.exogenus.formats.concepts" id="concept_5019">
            <field name="name">Amortizacion Intangibles</field>
            <field name="code">5019</field>
            <field name="exogenus_format_id" ref="format_1001"/>
        </record>
        <record model="account.exogenus.formats.concepts" id="concept_5020">
            <field name="name">Compra Activos fijos reales productivos</field>
            <field name="code">5020</field>
            <field name="exogenus_format_id" ref="format_1001"/>
        </record>
        <record model="account.exogenus.formats.concepts" id="concept_5023">
            <field name="name">Pagos o abonos en cuenta al exterior por asistencia tecnica</field>
            <field name="code">5023</field>
            <field name="exogenus_format_id" ref="format_1001"/>
        </record>
        <record model="account.exogenus.formats.concepts" id="concept_5024">
            <field name="name">Pagos o abonos en cuenta al exterior por marcas</field>
            <field name="code">5024</field>
            <field name="exogenus_format_id" ref="format_1001"/>
        </record>
        <record model="account.exogenus.formats.concepts" id="concept_5025">
            <field name="name">Pagos o abonos en cuenta al exterior por patentes</field>
            <field name="code">5025</field>
            <field name="exogenus_format_id" ref="format_1001"/>
        </record>
        <record model="account.exogenus.formats.concepts" id="concept_5026">
            <field name="name">Pagos o abonos en cuenta al exterior por regalías</field>
            <field name="code">5026</field>
            <field name="exogenus_format_id" ref="format_1001"/>
        </record>
        <record model="account.exogenus.formats.concepts" id="concept_5027">
            <field name="name">Pagos o abonos en cuenta al exterior por servicios técnicos</field>
            <field name="code">5027</field>
            <field name="exogenus_format_id" ref="format_1001"/>
        </record>
        <record model="account.exogenus.formats.concepts" id="concept_5028">
            <field name="name">Pagos o abonos en cuenta y retenciones correspondientes a operaciones de años anteriores</field>
            <field name="code">5028</field>
            <field name="exogenus_format_id" ref="format_1001"/>
        </record>
        <record model="account.exogenus.formats.concepts" id="concept_5029">
            <field name="name">Gastos Pagados por Anticipado por compras</field>
            <field name="code">5029</field>
            <field name="exogenus_format_id" ref="format_1001"/>
        </record>
        <record model="account.exogenus.formats.concepts" id="concept_5030">
            <field name="name">Gastos Pagados por Anticipado por honorarios</field>
            <field name="code">5030</field>
            <field name="exogenus_format_id" ref="format_1001"/>
        </record>
        <record model="account.exogenus.formats.concepts" id="concept_5031">
            <field name="name">Gastos Pagados por Anticipado por comisiones</field>
            <field name="code">5031</field>
            <field name="exogenus_format_id" ref="format_1001"/>
        </record>
        <record model="account.exogenus.formats.concepts" id="concept_5032">
            <field name="name">Gastos Pagados por Anticipado por servicios</field>
            <field name="code">5032</field>
            <field name="exogenus_format_id" ref="format_1001"/>
        </record>
        <record model="account.exogenus.formats.concepts" id="concept_5033">
            <field name="name">Gastos Pagados por Anticipado por arrendamientos</field>
            <field name="code">5033</field>
            <field name="exogenus_format_id" ref="format_1001"/>
        </record>
        <record model="account.exogenus.formats.concepts" id="concept_5034">
            <field name="name">Gastos Pagados por Anticipado por intereses y rendimientos financieros</field>
            <field name="code">5034</field>
            <field name="exogenus_format_id" ref="format_1001"/>
        </record>
        <record model="account.exogenus.formats.concepts" id="concept_5035">
            <field name="name">Gastos Pagados por Anticipado por otros conceptos</field>
            <field name="code">5035</field>
            <field name="exogenus_format_id" ref="format_1001"/>
        </record>
        <record model="account.exogenus.formats.concepts" id="concept_5043">
            <field name="name">Dividendos Decretados</field>
            <field name="code">5043</field>
            <field name="exogenus_format_id" ref="format_1001"/>
        </record>
        <record model="account.exogenus.formats.concepts" id="concept_5055">
            <field name="name">Viaticos</field>
            <field name="code">5055</field>
            <field name="exogenus_format_id" ref="format_1001"/>
        </record>
        <record model="account.exogenus.formats.concepts" id="concept_5058">
            <field name="name">Aportes, tasas y contribuciones</field>
            <field name="code">5058</field>
            <field name="exogenus_format_id" ref="format_1001"/>
        </record>
        <record model="account.exogenus.formats.concepts" id="concept_5066">
            <field name="name">Impuesto al Consumo solicitado como Deduccion</field>
            <field name="code">5066</field>
            <field name="exogenus_format_id" ref="format_1001"/>
        </record>
        <record model="account.exogenus.formats.concepts" id="concept_5067">
            <field name="name">Pagos o abonos en cuenta al exterior por consultoria</field>
            <field name="code">5067</field>
            <field name="exogenus_format_id" ref="format_1001"/>
        </record>
        <record model="account.exogenus.formats.concepts" id="concept_1302">
            <field name="name">Retención por Ventas</field>
            <field name="code">1302</field>
            <field name="exogenus_format_id" ref="format_1003"/>
        </record>
        <record model="account.exogenus.formats.concepts" id="concept_1303">
            <field name="name">Retención por Servicios</field>
            <field name="code">1303</field>
            <field name="exogenus_format_id" ref="format_1003"/>
        </record>
        <record model="account.exogenus.formats.concepts" id="concept_1304">
            <field name="name">Retención por Honorarios</field>
            <field name="code">1304</field>
            <field name="exogenus_format_id" ref="format_1003"/>
        </record>
        <record model="account.exogenus.formats.concepts" id="concept_1305">
            <field name="name">Retención por Comisiones</field>
            <field name="code">1305</field>
            <field name="exogenus_format_id" ref="format_1003"/>
        </record>
        <record model="account.exogenus.formats.concepts" id="concept_1306">
            <field name="name">Retención por Intereses y rendimientos financieros</field>
            <field name="code">1306</field>
            <field name="exogenus_format_id" ref="format_1003"/>
        </record>
        <record model="account.exogenus.formats.concepts" id="concept_1307">
            <field name="name">Retención por arrendamientos</field>
            <field name="code">1307</field>
            <field name="exogenus_format_id" ref="format_1003"/>
        </record>
        <record model="account.exogenus.formats.concepts" id="concept_1308">
            <field name="name">Retención por otros conceptos</field>
            <field name="code">1308</field>
            <field name="exogenus_format_id" ref="format_1003"/>
        </record>
        <record model="account.exogenus.formats.concepts" id="concept_1309">
            <field name="name">Retención Impuesto sobre las Ventas</field>
            <field name="code">1309</field>
            <field name="exogenus_format_id" ref="format_1003"/>
        </record>
        <record model="account.exogenus.formats.concepts" id="concept_1312">
            <field name="name">RETENCION EN LA FUENTE TARJETAS CREDITO Y DEBITO</field>
            <field name="code">1312</field>
            <field name="exogenus_format_id" ref="format_1003"/>
        </record>
        <record model="account.exogenus.formats.concepts" id="concept_1320">
            <field name="name">Retención por dividendos y participaciones recibidas por sociedades nacionales</field>
            <field name="code">1320</field>
            <field name="exogenus_format_id" ref="format_1003"/>
        </record>
        <record model="account.exogenus.formats.concepts" id="concept_8303">
            <field name="name">Descuento Tributario Impuestos Pagados en el Exterior solicitado como Descuento por los Contribuyentes Nacionales que perciban Rentas de Fuente Extranjera Art. 254 E.T</field>
            <field name="code">8303</field>
            <field name="exogenus_format_id" ref="format_1004"/>
        </record>
        <record model="account.exogenus.formats.concepts" id="concept_8305">
            <field name="name">Descuento Tributario Empresas de Servicios Públicos Domiciliarios que presten servicio de Acueducto y Alcantarillado Art. 104 L 788/02</field>
            <field name="code">8305</field>
            <field name="exogenus_format_id" ref="format_1004"/>
        </record>
        <record model="account.exogenus.formats.concepts" id="concept_8316">
            <field name="name">Descuento tributario por donaciones dirigida a programas de becas o créditos Condonable s. E.T., art. 158 -1, inciso 2° y 256, modificado L. 1819/2016, art. 91 y 104</field>
            <field name="code">8316</field>
            <field name="exogenus_format_id" ref="format_1004"/>
        </record>
        <record model="account.exogenus.formats.concepts" id="concept_8317">
            <field name="name">Descuento tributario por inversiones en investigación, desarrollo tecnológico e innovación. E.T., art. 158-1 y 256, modificado L. 1819/2016, art. 91 y 104.</field>
            <field name="code">8317</field>
            <field name="exogenus_format_id" ref="format_1004"/>
        </record>
        <record model="account.exogenus.formats.concepts" id="concept_8318">
            <field name="name">Descuento por donaciones efectuadas a entidades sin ánimo de lucro pertenecientes al régimen tributario especial. E.T., art. 257, creado L. 1819/2016, art. 105.</field>
            <field name="code">8318</field>
            <field name="exogenus_format_id" ref="format_1004"/>
        </record>
        <record model="account.exogenus.formats.concepts" id="concept_8319">
            <field name="name">Descuento tributario por donaciones efectuadas a entidades sin ánimo de lucro o contribuyentes de que tratan los artículos 22 y 23 dl estatuto tributario. E.T., art. 257, creado L. 1819/2016, art. 105</field>
            <field name="code">8319</field>
            <field name="exogenus_format_id" ref="format_1004"/>
        </record>
        <record model="account.exogenus.formats.concepts" id="concept_8320">
            <field name="name">Descuento tributario para inversiones realizadas en control, conservación y mejoramiento del medio ambiente. E.T., art. 255, creado L. 1819/2016, art. 103.</field>
            <field name="code">8320</field>
            <field name="exogenus_format_id" ref="format_1004"/>
        </record>
        <record model="account.exogenus.formats.concepts" id="concept_8321">
            <field name="name">Descuento tributario por donaciones en la red nacional de bibliotecas públicas y biblioteca nacional E.T., art. 257, parágrafo, creado L. 1819/2016, art. 105</field>
            <field name="code">8321</field>
            <field name="exogenus_format_id" ref="format_1004"/>
        </record>
        <record model="account.exogenus.formats.concepts" id="concept_8322">
            <field name="name">Descuento tributario por donaciones a favor del fondo para reparación de víctimas. Art 177, ley 1448 de 2011 y art. 2.2.10.6. DUR 1084 de 2015. </field>
            <field name="code">8322</field>
            <field name="exogenus_format_id" ref="format_1004"/>
        </record>
        <record model="account.exogenus.formats.concepts" id="concept_8323">
            <field name="name">Descuento tributario por impuestos pagados en el exterior por la Entidad controlada del Exterior (ECE). E.T., art.892, adicionado L 1819/2016, art. 139. Y Art. 254 E.T.</field>
            <field name="code">8323</field>
            <field name="exogenus_format_id" ref="format_1004"/>
        </record>
        <record model="account.exogenus.formats.concepts" id="concept_8324">
            <field name="name">Descuento tributario por donación a la Corporación General Gustavo Matamoros D’ Costa y demás fundaciones dedicadas a la defensa, protección de derechos humanos. E.T., art 126-2, inciso 1</field>
            <field name="code">8324</field>
            <field name="exogenus_format_id" ref="format_1004"/>
        </record>
        <record model="account.exogenus.formats.concepts" id="concept_8325">
            <field name="name">Descuento tributario por donación a organismos de deporte aficionado. E.T., art. 126- 2, inciso.2.</field>
            <field name="code">8325</field>
            <field name="exogenus_format_id" ref="format_1004"/>
        </record>
        <record model="account.exogenus.formats.concepts" id="concept_8326">
            <field name="name">Descuento tributario por donación a organismos deportivos y recreativos o culturales personas jurídicas sin ánimo de lucro, E.T., art. 126-2, inciso 3.</field>
            <field name="code">8326</field>
            <field name="exogenus_format_id" ref="format_1004"/>
        </record>
        <record model="account.exogenus.formats.concepts" id="concept_8327">
            <field name="name">Descuento tributario por donaciones efectuadas para el apadrinamiento de parques naturales y conservación de bosques naturales. E.T., art. 126-5.</field>
            <field name="code">8327</field>
            <field name="exogenus_format_id" ref="format_1004"/>
        </record>
        <record model="account.exogenus.formats.concepts" id="concept_8328">
            <field name="name">Descuento tributario por aportes al sistema general de pensiones a cargo del empleador que sea contribuyente del impuesto unificado bajo el régimen simple de tributación. E.T., art. 903</field>
            <field name="code">8328</field>
            <field name="exogenus_format_id" ref="format_1004"/>
        </record>
        <record model="account.exogenus.formats.concepts" id="concept_8329">
            <field name="name">Descuento tributario por ventas de bienes o servicios realizados a través de los sistemas de tarjetas de crédito y/o débito y otros mecanismos electrónicos de pagos  ART. 912 E.T. </field>
            <field name="code">8329</field>
            <field name="exogenus_format_id" ref="format_1004"/>
        </record>
        <record model="account.exogenus.formats.concepts" id="concept_8330">
            <field name="name">Descuento tributario por impuesto de industria, comercio, avisos y tableros. E.T., art. 115 del E.T. </field>
            <field name="code">8330</field>
            <field name="exogenus_format_id" ref="format_1004"/>
        </record>
        <record model="account.exogenus.formats.concepts" id="concept_8331">
            <field name="name">Descuento tributario por impuesto sobre las ventas en la importación, formación, construcción, o adquisición de activos fijos reales productivos. Art. 258-1 del E.T. </field>
            <field name="code">8331</field>
            <field name="exogenus_format_id" ref="format_1004"/>
        </record>
        <record model="account.exogenus.formats.concepts" id="concept_4001">
            <field name="name">Ingresos Brutos Actividades Ordinarias</field>
            <field name="code">4001</field>
            <field name="exogenus_format_id" ref="format_1007"/>
        </record>
        <record model="account.exogenus.formats.concepts" id="concept_4002">
            <field name="name">Otros Ingresos Brutos</field>
            <field name="code">4002</field>
            <field name="exogenus_format_id" ref="format_1007"/>
        </record>
        <record model="account.exogenus.formats.concepts" id="concept_1302">
            <field name="name">Ingresos por intereses y rendimientos financieros.</field>
            <field name="code">4003</field>
            <field name="exogenus_format_id" ref="format_1007"/>
        </record>
        <record model="account.exogenus.formats.concepts" id="concept_1315">
            <field name="name">CxC a clientes</field>
            <field name="code">1315</field>
            <field name="exogenus_format_id" ref="format_1008"/>
        </record>
        <record model="account.exogenus.formats.concepts" id="concept_1316">
            <field name="name">CxC accionistas, socios, comuneros, cooperados y compañías vinculadas</field>
            <field name="code">1316</field>
            <field name="exogenus_format_id" ref="format_1008"/>
        </record>
        <record model="account.exogenus.formats.concepts" id="concept_1317">
            <field name="name">Otras CxC</field>
            <field name="code">1317</field>
            <field name="exogenus_format_id" ref="format_1008"/>
        </record>
        <record model="account.exogenus.formats.concepts" id="concept_1318">
            <field name="name">Deterioro de carteras</field>
            <field name="code">1318</field>
            <field name="exogenus_format_id" ref="format_1008"/>
        </record>
        <record model="account.exogenus.formats.concepts" id="concept_2201">
            <field name="name">CxP a Proveedores</field>
            <field name="code">2201</field>
            <field name="exogenus_format_id" ref="format_1009"/>
        </record>
        <record model="account.exogenus.formats.concepts" id="concept_2202">
            <field name="name">CxP compañías vinculadas accionistas y socios</field>
            <field name="code">2202</field>
            <field name="exogenus_format_id" ref="format_1009"/>
        </record>
        <record model="account.exogenus.formats.concepts" id="concept_2203">
            <field name="name">Obligaciones Financieras</field>
            <field name="code">2203</field>
            <field name="exogenus_format_id" ref="format_1009"/>
        </record>
        <record model="account.exogenus.formats.concepts" id="concept_2204">
            <field name="name">Pasivos por impuestos gravámenes y tasas</field>
            <field name="code">2204</field>
            <field name="exogenus_format_id" ref="format_1009"/>
        </record>
        <record model="account.exogenus.formats.concepts" id="concept_2205">
            <field name="name">Pasivos laborales</field>
            <field name="code">2205</field>
            <field name="exogenus_format_id" ref="format_1009"/>
        </record>
        <record model="account.exogenus.formats.concepts" id="concept_2207">
            <field name="name">Pasivo determinado por el cálculo actuarial</field>
            <field name="code">2207</field>
            <field name="exogenus_format_id" ref="format_1009"/>
        </record>
        <record model="account.exogenus.formats.concepts" id="concept_2208">
            <field name="name">Pasivos respaldados en documento de fecha cierta</field>
            <field name="code">2208</field>
            <field name="exogenus_format_id" ref="format_1009"/>
        </record>
        <record model="account.exogenus.formats.concepts" id="concept_2211">
            <field name="name">Pasivos por depósitos judiciales</field>
            <field name="code">2211</field>
            <field name="exogenus_format_id" ref="format_1009"/>
        </record>
        <record model="account.exogenus.formats.concepts" id="concept_2213">
            <field name="name">Pasivo por ingresos diferidos</field>
            <field name="code">2213</field>
            <field name="exogenus_format_id" ref="format_1009"/>
        </record>
        <record model="account.exogenus.formats.concepts" id="concept_2206">
            <field name="name">Otros pasivos</field>
            <field name="code">2206</field>
            <field name="exogenus_format_id" ref="format_1009"/>
        </record>
        <record model="account.exogenus.formats.concepts" id="concept_1200">
            <field name="name">Bonos</field>
            <field name="code">1200</field>
            <field name="exogenus_format_id" ref="format_1012"/>
        </record>
        <record model="account.exogenus.formats.concepts" id="concept_1201">
            <field name="name">Certificados de Deposito</field>
            <field name="code">1201</field>
            <field name="exogenus_format_id" ref="format_1012"/>
        </record>
        <record model="account.exogenus.formats.concepts" id="concept_1202">
            <field name="name">Titulos</field>
            <field name="code">1202</field>
            <field name="exogenus_format_id" ref="format_1012"/>
        </record>
        <record model="account.exogenus.formats.concepts" id="concept_1203">
            <field name="name">Derechos Fiduciarios</field>
            <field name="code">1203</field>
            <field name="exogenus_format_id" ref="format_1012"/>
        </record>
        <record model="account.exogenus.formats.concepts" id="concept_1204">
            <field name="name">Otras Inversiones</field>
            <field name="code">1204</field>
            <field name="exogenus_format_id" ref="format_1012"/>
        </record>
        <record model="account.exogenus.formats.concepts" id="concept_1206">
            <field name="name">Criptoactivos</field>
            <field name="code">1206</field>
            <field name="exogenus_format_id" ref="format_1012"/>
        </record>
        <record model="account.exogenus.formats.concepts" id="concept_1010">
            <field name="name">Cuentas corrientes y/o ahorro que posea en el país</field>
            <field name="code">1010</field>
            <field name="exogenus_format_id" ref="format_1012"/>
        </record>
        <record model="account.exogenus.formats.concepts" id="concept_1015">
            <field name="name">Cuentas corrientes y/o ahorro poseídas en el exterior</field>
            <field name="code">1015</field>
            <field name="exogenus_format_id" ref="format_1012"/>
        </record>
        <record model="account.exogenus.formats.concepts" id="concept_1015">
            <field name="name">Valor Patrimonial de las Acciones o Aportes poseidos a 31 de Diciembre</field>
            <field name="code">1205</field>
            <field name="exogenus_format_id" ref="format_1012"/>
        </record>
        <record model="account.exogenus.formats.concepts" id="art1_1">
            <field name="name">Actividad no sujeta producción primaria agricola, ganadera y avicola</field>
            <field name="code">1</field>
            <field name="exogenus_format_id" ref="art_0001"/>
        </record>
        <record model="account.exogenus.formats.concepts" id="art1_2">
            <field name="name">Servicios EPS</field>
            <field name="code">2</field>
            <field name="exogenus_format_id" ref="art_0001"/>
        </record>
        <record model="account.exogenus.formats.concepts" id="art1_3">
            <field name="name">Actividades no sujetas propias objeto social Propiedad Horizontal</field>
            <field name="code">3</field>
            <field name="exogenus_format_id" ref="art_0001"/>
        </record>
        <record model="account.exogenus.formats.concepts" id="art1_4">
            <field name="name">Explotación de los Juegos de Suerte y Azar</field>
            <field name="code">4</field>
            <field name="exogenus_format_id" ref="art_0001"/>
        </record>
        <record model="account.exogenus.formats.concepts" id="art1_5">
            <field name="name">Donaciones</field>
            <field name="code">5</field>
            <field name="exogenus_format_id" ref="art_0001"/>
        </record>
        <record model="account.exogenus.formats.concepts" id="art1_6">
            <field name="name">Desarrollo Actividades base gravable especial</field>
            <field name="code">6</field>
            <field name="exogenus_format_id" ref="art_0001"/>
        </record>
        <record model="account.exogenus.formats.concepts" id="art1_7">
            <field name="name">Ingresos de Consorcios, Uniones Temporales, Cuentas Conjuntas</field>
            <field name="code">7</field>
            <field name="exogenus_format_id" ref="art_0001"/>
        </record>
        <record model="account.exogenus.formats.concepts" id="art1_8">
            <field name="name">Dividendos que no hacen parte del giro ordinario del negocio</field>
            <field name="code">8</field>
            <field name="exogenus_format_id" ref="art_0001"/>
        </record>
        <record model="account.exogenus.formats.concepts" id="art1_9">
            <field name="name">Diferencia en Cambio</field>
            <field name="code">9</field>
            <field name="exogenus_format_id" ref="art_0001"/>
        </record>
        <record model="account.exogenus.formats.concepts" id="art1_10">
            <field name="name">Corrección Monetaria</field>
            <field name="code">10</field>
            <field name="exogenus_format_id" ref="art_0001"/>
        </record>
        <record model="account.exogenus.formats.concepts" id="art1_11">
            <field name="name">Reintegro de Costos y Gastos</field>
            <field name="code">11</field>
            <field name="exogenus_format_id" ref="art_0001"/>
        </record>
        <record model="account.exogenus.formats.concepts" id="art1_12">
            <field name="name">Salarios</field>
            <field name="code">12</field>
            <field name="exogenus_format_id" ref="art_0001"/>
        </record>
        <record model="account.exogenus.formats.concepts" id="art1_13">
            <field name="name">Otros Ingresos no constitutivos del impuesto</field>
            <field name="code">13</field>
            <field name="exogenus_format_id" ref="art_0001"/>
        </record>
        <record model="account.exogenus.formats.concepts" id="art2_1">
            <field name="name">Servicios</field>
            <field name="code">1</field>
            <field name="exogenus_format_id" ref="art_0002"/>
        </record>
        <record model="account.exogenus.formats.concepts" id="art2_2">
            <field name="name">Compras</field>
            <field name="code">2</field>
            <field name="exogenus_format_id" ref="art_0002"/>
        </record>
        <record model="account.exogenus.formats.concepts" id="art2_3">
            <field name="name">Compras y servicios</field>
            <field name="code">3</field>
            <field name="exogenus_format_id" ref="art_0002"/>
        </record>
        <record model="account.exogenus.formats.concepts" id="concept_8001">
            <field name="name">INGRESOS NO CONSTITUTIVOS</field>
            <field name="code">8001</field>
            <field name="exogenus_format_id" ref="format_2275"/>
        </record>
        <record model="account.exogenus.formats.concepts" id="concept_8002">
            <field name="name">INGRESOS PROPIOS</field>
            <field name="code">8002</field>
            <field name="exogenus_format_id" ref="format_2275"/>
        </record>
    </data>
</odoo>