<odoo>
    <data noupdate="1">
        <record model="account.exogenus.formats.columns.sequence" id="column_1004_6">
            <field name="account_format_column_id" ref="line_1004_6"/>
            <field name="exogenus_format_id" ref="format_1004"/>
            <field name="sequence">0</field>
        </record>
        <record model="account.exogenus.formats.columns.sequence" id="column_1004_15">
            <field name="account_format_column_id" ref="line_1004_15"/>
            <field name="exogenus_format_id" ref="format_1004"/>
            <field name="sequence">1</field>
        </record>
        <record model="account.exogenus.formats.columns.sequence" id="column_1004_10">
            <field name="account_format_column_id" ref="line_1004_10"/>
            <field name="exogenus_format_id" ref="format_1004"/>
            <field name="sequence">2</field>
        </record>
        <record model="account.exogenus.formats.columns.sequence" id="column_1004_12">
            <field name="account_format_column_id" ref="line_1004_12"/>
            <field name="exogenus_format_id" ref="format_1004"/>
            <field name="sequence">3</field>
        </record>
        <record model="account.exogenus.formats.columns.sequence" id="column_1004_14">
            <field name="account_format_column_id" ref="line_1004_14"/>
            <field name="exogenus_format_id" ref="format_1004"/>
            <field name="sequence">4</field>
        </record>
        <record model="account.exogenus.formats.columns.sequence" id="column_1004_13">
            <field name="account_format_column_id" ref="line_1004_13"/>
            <field name="exogenus_format_id" ref="format_1004"/>
            <field name="sequence">5</field>
        </record>
        <record model="account.exogenus.formats.columns.sequence" id="column_1004_11">
            <field name="account_format_column_id" ref="line_1004_11"/>
            <field name="exogenus_format_id" ref="format_1004"/>
            <field name="sequence">6</field>
        </record>
        <record model="account.exogenus.formats.columns.sequence" id="column_1004_1">
            <field name="account_format_column_id" ref="line_1004_1"/>
            <field name="exogenus_format_id" ref="format_1004"/>
            <field name="sequence">7</field>
        </record>
        <record model="account.exogenus.formats.columns.sequence" id="column_1004_9">
            <field name="account_format_column_id" ref="line_1004_9"/>
            <field name="exogenus_format_id" ref="format_1004"/>
            <field name="sequence">8</field>
        </record>
        <record model="account.exogenus.formats.columns.sequence" id="column_1004_7">
            <field name="account_format_column_id" ref="line_1004_7"/>
            <field name="exogenus_format_id" ref="format_1004"/>
            <field name="sequence">9</field>
        </record>
        <record model="account.exogenus.formats.columns.sequence" id="column_1004_8">
            <field name="account_format_column_id" ref="line_1004_8"/>
            <field name="exogenus_format_id" ref="format_1004"/>
            <field name="sequence">10</field>
        </record>
        <record model="account.exogenus.formats.columns.sequence" id="column_1004_4">
            <field name="account_format_column_id" ref="line_1004_4"/>
            <field name="exogenus_format_id" ref="format_1004"/>
            <field name="sequence">11</field>
        </record>
        <record model="account.exogenus.formats.columns.sequence" id="column_1004_5">
            <field name="account_format_column_id" ref="line_1004_5"/>
            <field name="exogenus_format_id" ref="format_1004"/>
            <field name="sequence">12</field>
        </record>
        <record model="account.exogenus.formats.columns.sequence" id="column_1004_2">
            <field name="account_format_column_id" ref="line_1004_2"/>
            <field name="exogenus_format_id" ref="format_1004"/>
            <field name="sequence">13</field>
        </record>
        <record model="account.exogenus.formats.columns.sequence" id="column_1004_3">
            <field name="account_format_column_id" ref="line_1004_3"/>
            <field name="exogenus_format_id" ref="format_1004"/>
            <field name="sequence">14</field>
        </record>
    </data>
</odoo>