<odoo>
    <data noupdate="1">
        <record model="account.exogenus.formats.columns.sequence" id="column_2276_1">
            <field name="account_format_column_id" ref="line_2276_1"/>
            <field name="exogenus_format_id" ref="format_2276"/>
            <field name="sequence">0</field>
        </record>
        <record model="account.exogenus.formats.columns.sequence" id="column_2276_2">
            <field name="account_format_column_id" ref="line_2276_2"/>
            <field name="exogenus_format_id" ref="format_2276"/>
            <field name="sequence">1</field>
        </record>
        <record model="account.exogenus.formats.columns.sequence" id="column_2276_3">
            <field name="account_format_column_id" ref="line_2276_3"/>
            <field name="exogenus_format_id" ref="format_2276"/>
            <field name="sequence">2</field>
        </record>
        <record model="account.exogenus.formats.columns.sequence" id="column_2276_4">
            <field name="account_format_column_id" ref="line_2276_4"/>
            <field name="exogenus_format_id" ref="format_2276"/>
            <field name="sequence">3</field>
        </record>
        <record model="account.exogenus.formats.columns.sequence" id="column_2276_5">
            <field name="account_format_column_id" ref="line_2276_5"/>
            <field name="exogenus_format_id" ref="format_2276"/>
            <field name="sequence">4</field>
        </record>
        <record model="account.exogenus.formats.columns.sequence" id="column_2276_6">
            <field name="account_format_column_id" ref="line_2276_6"/>
            <field name="exogenus_format_id" ref="format_2276"/>
            <field name="sequence">5</field>
        </record>
        <record model="account.exogenus.formats.columns.sequence" id="column_2276_7">
            <field name="account_format_column_id" ref="line_2276_7"/>
            <field name="exogenus_format_id" ref="format_2276"/>
            <field name="sequence">6</field>
        </record>
        <record model="account.exogenus.formats.columns.sequence" id="column_2276_8">
            <field name="account_format_column_id" ref="line_2276_8"/>
            <field name="exogenus_format_id" ref="format_2276"/>
            <field name="sequence">7</field>
        </record>
        <record model="account.exogenus.formats.columns.sequence" id="column_2276_9">
            <field name="account_format_column_id" ref="line_2276_9"/>
            <field name="exogenus_format_id" ref="format_2276"/>
            <field name="sequence">8</field>
        </record>
        <record model="account.exogenus.formats.columns.sequence" id="column_2276_10">
            <field name="account_format_column_id" ref="line_2276_10"/>
            <field name="exogenus_format_id" ref="format_2276"/>
            <field name="sequence">9</field>
        </record>
        <record model="account.exogenus.formats.columns.sequence" id="column_2276_11">
            <field name="account_format_column_id" ref="line_2276_11"/>
            <field name="exogenus_format_id" ref="format_2276"/>
            <field name="sequence">10</field>
        </record>
        <record model="account.exogenus.formats.columns.sequence" id="column_2276_12">
            <field name="account_format_column_id" ref="line_2276_12"/>
            <field name="exogenus_format_id" ref="format_2276"/>
            <field name="sequence">11</field>
        </record>
        <record model="account.exogenus.formats.columns.sequence" id="column_2276_13">
            <field name="account_format_column_id" ref="line_2276_13"/>
            <field name="exogenus_format_id" ref="format_2276"/>
            <field name="sequence">12</field>
        </record>
        <record model="account.exogenus.formats.columns.sequence" id="column_2276_14">
            <field name="account_format_column_id" ref="line_2276_14"/>
            <field name="exogenus_format_id" ref="format_2276"/>
            <field name="sequence">13</field>
        </record>
        <record model="account.exogenus.formats.columns.sequence" id="column_2276_15">
            <field name="account_format_column_id" ref="line_2276_15"/>
            <field name="exogenus_format_id" ref="format_2276"/>
            <field name="sequence">14</field>
        </record>
        <record model="account.exogenus.formats.columns.sequence" id="column_2276_16">
            <field name="account_format_column_id" ref="line_2276_16"/>
            <field name="exogenus_format_id" ref="format_2276"/>
            <field name="sequence">15</field>
        </record>
        <record model="account.exogenus.formats.columns.sequence" id="column_2276_17">
            <field name="account_format_column_id" ref="line_2276_17"/>
            <field name="exogenus_format_id" ref="format_2276"/>
            <field name="sequence">16</field>
        </record>
        <record model="account.exogenus.formats.columns.sequence" id="column_2276_18">
            <field name="account_format_column_id" ref="line_2276_18"/>
            <field name="exogenus_format_id" ref="format_2276"/>
            <field name="sequence">17</field>
        </record>
        <record model="account.exogenus.formats.columns.sequence" id="column_2276_19">
            <field name="account_format_column_id" ref="line_2276_19"/>
            <field name="exogenus_format_id" ref="format_2276"/>
            <field name="sequence">18</field>
        </record>
        <record model="account.exogenus.formats.columns.sequence" id="column_2276_20">
            <field name="account_format_column_id" ref="line_2276_20"/>
            <field name="exogenus_format_id" ref="format_2276"/>
            <field name="sequence">19</field>
        </record>
        <record model="account.exogenus.formats.columns.sequence" id="column_2276_21">
            <field name="account_format_column_id" ref="line_2276_21"/>
            <field name="exogenus_format_id" ref="format_2276"/>
            <field name="sequence">20</field>
        </record>
        <record model="account.exogenus.formats.columns.sequence" id="column_2276_22">
            <field name="account_format_column_id" ref="line_2276_22"/>
            <field name="exogenus_format_id" ref="format_2276"/>
            <field name="sequence">21</field>
        </record>
        <record model="account.exogenus.formats.columns.sequence" id="column_2276_23">
            <field name="account_format_column_id" ref="line_2276_23"/>
            <field name="exogenus_format_id" ref="format_2276"/>
            <field name="sequence">22</field>
        </record>
        <record model="account.exogenus.formats.columns.sequence" id="column_2276_24">
            <field name="account_format_column_id" ref="line_2276_24"/>
            <field name="exogenus_format_id" ref="format_2276"/>
            <field name="sequence">23</field>
        </record>
        <record model="account.exogenus.formats.columns.sequence" id="column_2276_25">
            <field name="account_format_column_id" ref="line_2276_25"/>
            <field name="exogenus_format_id" ref="format_2276"/>
            <field name="sequence">24</field>
        </record>
        <record model="account.exogenus.formats.columns.sequence" id="column_2276_26">
            <field name="account_format_column_id" ref="line_2276_26"/>
            <field name="exogenus_format_id" ref="format_2276"/>
            <field name="sequence">25</field>
        </record>
        <record model="account.exogenus.formats.columns.sequence" id="column_2276_27">
            <field name="account_format_column_id" ref="line_2276_27"/>
            <field name="exogenus_format_id" ref="format_2276"/>
            <field name="sequence">26</field>
        </record>
        <record model="account.exogenus.formats.columns.sequence" id="column_2276_28">
            <field name="account_format_column_id" ref="line_2276_28"/>
            <field name="exogenus_format_id" ref="format_2276"/>
            <field name="sequence">27</field>
        </record>
        <record model="account.exogenus.formats.columns.sequence" id="column_2276_29">
            <field name="account_format_column_id" ref="line_2276_29"/>
            <field name="exogenus_format_id" ref="format_2276"/>
            <field name="sequence">28</field>
        </record>
        <record model="account.exogenus.formats.columns.sequence" id="column_2276_30">
            <field name="account_format_column_id" ref="line_2276_30"/>
            <field name="exogenus_format_id" ref="format_2276"/>
            <field name="sequence">29</field>
        </record>
        <record model="account.exogenus.formats.columns.sequence" id="column_2276_31">
            <field name="account_format_column_id" ref="line_2276_31"/>
            <field name="exogenus_format_id" ref="format_2276"/>
            <field name="sequence">30</field>
        </record>
        <record model="account.exogenus.formats.columns.sequence" id="column_2276_32">
            <field name="account_format_column_id" ref="line_2276_32"/>
            <field name="exogenus_format_id" ref="format_2276"/>
            <field name="sequence">31</field>
        </record>
        <record model="account.exogenus.formats.columns.sequence" id="column_2276_33">
            <field name="account_format_column_id" ref="line_2276_33"/>
            <field name="exogenus_format_id" ref="format_2276"/>
            <field name="sequence">32</field>
        </record>
        <record model="account.exogenus.formats.columns.sequence" id="column_2276_34">
            <field name="account_format_column_id" ref="line_2276_34"/>
            <field name="exogenus_format_id" ref="format_2276"/>
            <field name="sequence">33</field>
        </record>
        <record model="account.exogenus.formats.columns.sequence" id="column_2276_35">
            <field name="account_format_column_id" ref="line_2276_35"/>
            <field name="exogenus_format_id" ref="format_2276"/>
            <field name="sequence">34</field>
        </record>
        <record model="account.exogenus.formats.columns.sequence" id="column_2276_36">
            <field name="account_format_column_id" ref="line_2276_36"/>
            <field name="exogenus_format_id" ref="format_2276"/>
            <field name="sequence">35</field>
        </record>
        <record model="account.exogenus.formats.columns.sequence" id="column_2276_37">
            <field name="account_format_column_id" ref="line_2276_37"/>
            <field name="exogenus_format_id" ref="format_2276"/>
            <field name="sequence">36</field>
        </record>
    </data>
</odoo>