id,name,model_id:id,group_id:id,perm_read,perm_write,perm_create,perm_unlink
access_account_exogenus_formats,access_account_exogenus_formats,model_account_exogenus_formats,base.group_user,1,1,1,1
access_account_exogenus_formats_concepts,access_account_exogenus_formats_concepts,model_account_exogenus_formats_concepts,base.group_user,1,1,1,1
access_account_exogenus_formats_columns,access_account_exogenus_formats_columns,model_account_exogenus_formats_columns,base.group_user,1,1,1,1
access_account_exogenus_print_report,access_account_exogenus_print_report,model_account_exogenus_print_reports,base.group_user,1,1,1,1
access_account_exogenus_concept_account,access_account_exogenus_concept_account,model_account_exogenus_formats_concepts_account,base.group_user,1,1,1,1
access_account_exogenus_formats_columns_sequence,access_account_exogenus_formats_columns_sequence,model_account_exogenus_formats_columns_sequence,base.group_user,1,1,1,1
access_account_exogenus_account_columns_sequence,access_account_exogenus_account_columns_sequence,model_account_exogenus_account_column,base.group_user,1,1,1,1
access_account_column_account_wizard,access_account_column_account_wizard,model_account_column_account_wizard,base.group_user,1,1,1,1
access_account_concept_account_wizard,access_account_concept_account_wizard,model_account_concept_account_wizard,base.group_user,1,1,1,1